Timestamp,User Count,Type,Name,Requests/s,Failures/s,50%,66%,75%,80%,90%,95%,98%,99%,99.9%,99.99%,100%,Total Request Count,Total Failure Count,Total Median Response Time,Total Average Response Time,Total Min Response Time,Total Max Response Time,Total Average Content Size
1708116114,0,,Aggregated,0.000000,0.000000,N/A,N/A,N/A,N/A,N/A,N/A,N/A,N/A,N/A,N/A,N/A,0,0,0,0.0,0,0,0
1708116117,50,POST,compose_post,34.000000,0.000000,130,400,1200,1900,1900,2000,2000,2000,2000,2000,2000,56,0,100.0,595.7867073385777,36.598130012862384,2016.846908023581,25.0
1708116117,50,GET,index,50.000000,0.000000,51,58,62,64,66,67,68,68,68,68,68,50,0,50,51.11145473551005,28.659258037805557,68.37367301341146,2583.0
1708116117,50,GET,read_home_timeline,211.000000,0.000000,500,800,1200,1300,1900,1900,2000,2000,2000,2000,2000,314,0,47,290.91971728818754,16.24309702310711,1983.3925060229376,9.378980891719745
1708116117,50,GET,read_user_timeline,111.000000,0.000000,12,15,16,18,20,25,26,26,26,26,26,161,0,28,34.834726931966884,3.574714995920658,172.57592198438942,3.0
1708116117,50,,Aggregated,406.000000,0.000000,410,590,1100,1300,1900,1900,2000,2000,2000,2000,2000,581,0,44,228.70363272336215,3.574714995920658,2016.846908023581,230.59896729776247
1708116120,50,POST,compose_post,14.750000,0.000000,590,780,970,1200,1900,2000,2000,2000,2000,2000,2000,79,0,590.0,662.0594103514111,36.598130012862384,2016.846908023581,25.0
1708116120,50,GET,index,12.500000,0.000000,51,58,62,64,66,67,68,68,68,68,68,50,0,50,51.11145473551005,28.659258037805557,68.37367301341146,2583.0
1708116120,50,GET,read_home_timeline,84.000000,0.000000,720,890,1000,1000,1200,1500,1900,2000,2000,2000,2000,465,0,390.0,461.452576309763,16.24309702310711,1983.3925060229376,37.6258064516129
1708116120,50,GET,read_user_timeline,41.250000,0.000000,13,15,17,18,20,23,25,26,26,26,26,223,0,21,28.652232631021953,3.545070067048073,172.57592198438942,3.0
1708116120,50,,Aggregated,152.500000,0.000000,620,780,900,1000,1200,1900,1900,2000,2000,2000,2000,817,0,58,337.6048494679249,3.545070067048073,2016.846908023581,182.7294981640147
1708116123,50,POST,compose_post,11.857143,0.000000,680,790,970,990,1900,1900,2000,2000,2000,2000,2000,105,0,680.0,704.2126740251357,36.598130012862384,2016.846908023581,25.0
1708116123,50,GET,index,7.142857,0.000000,51,58,62,64,66,67,68,68,68,68,68,50,0,50,51.11145473551005,28.659258037805557,68.37367301341146,2583.0
1708116123,50,GET,read_home_timeline,69.428571,0.000000,770,890,980,1000,1100,1400,1900,1900,2000,2000,2000,628,0,610.0,554.4152711025013,16.24309702310711,1983.3925060229376,75.28343949044586
1708116123,50,GET,read_user_timeline,35.714286,0.000000,12,15,16,17,19,22,24,25,26,26,26,312,0,16,23.62878228655646,3.4563930239528418,172.57592198438942,3.0
1708116123,50,,Aggregated,124.142857,0.000000,680,780,890,920,1100,1400,1900,2000,2000,2000,2000,1095,0,86,394.5597021325946,3.4563930239528418,2016.846908023581,164.37351598173515
1708116126,50,POST,compose_post,10.700000,0.000000,770,790,900,970,1100,1100,1500,1800,1800,1800,1800,136,0,680.0,712.7093827028361,36.598130012862384,2016.846908023581,25.0
1708116126,50,GET,index,5.000000,0.000000,51,58,62,64,66,67,68,68,68,68,68,50,0,50,51.11145473551005,28.659258037805557,68.37367301341146,2583.0
1708116126,50,GET,read_home_timeline,64.500000,0.000000,770,880,900,980,1000,1100,1300,1400,1600,1600,1600,798,0,680.0,596.3579377426151,16.24309702310711,1983.3925060229376,90.6328320802005
1708116126,50,GET,read_user_timeline,33.500000,0.000000,13,15,16,17,20,22,24,25,37,37,37,414,0,15,20.962495218730727,3.2253609970211983,172.57592198438942,3.0
1708116126,50,,Aggregated,113.700000,0.000000,660,770,810,890,1000,1100,1200,1400,1800,1800,1800,1398,0,170.0,417.7797969410033,3.2253609970211983,2016.846908023581,147.43705293276108
1708116129,50,POST,compose_post,8.600000,0.000000,780,900,990,1100,1200,1300,1800,1800,1800,1800,1800,156,0,710.0,758.7267010896586,36.598130012862384,2016.846908023581,25.0
1708116129,50,GET,index,0.000000,0.000000,51,58,62,64,66,67,68,68,68,68,68,50,0,50,51.11145473551005,28.659258037805557,68.37367301341146,2583.0
1708116129,50,GET,read_home_timeline,51.800000,0.000000,800,900,980,1000,1200,1300,1600,1600,1800,1800,1800,917,0,700.0,653.1136799758583,16.24309702310711,1983.3925060229376,91.44165757906215
1708116129,50,GET,read_user_timeline,27.200000,0.000000,12,15,16,16,20,23,28,92,95,95,95,472,0,14,20.3463559320603,3.2253609970211983,172.57592198438942,3.0
1708116129,50,,Aggregated,87.600000,0.000000,690,800,890,910,1100,1200,1500,1600,1800,1800,1800,1595,0,400.0,457.3201646674337,3.2253609970211983,2016.846908023581,136.87648902821317
1708116132,50,POST,compose_post,8.600000,0.000000,780,870,990,1100,1200,1300,1600,1800,1800,1800,1800,188,0,770.0,763.9652156460525,36.598130012862384,2016.846908023581,25.0
1708116132,50,GET,index,0.000000,0.000000,51,58,62,64,66,67,68,68,68,68,68,50,0,50,51.11145473551005,28.659258037805557,68.37367301341146,2583.0
1708116132,50,GET,read_home_timeline,50.000000,0.000000,780,890,910,990,1100,1200,1500,1600,1800,1800,1800,1088,0,700.0,666.5441635236408,16.24309702310711,1983.3925060229376,120.63511029411765
1708116132,50,GET,read_user_timeline,25.600000,0.000000,12,15,16,17,22,25,37,92,95,95,95,547,0,14,19.308138494226583,3.2253609970211983,172.57592198438942,3.0
1708116132,50,,Aggregated,84.200000,0.000000,670,790,890,900,1100,1200,1400,1600,1800,1800,1800,1873,0,500.0,470.8716684187381,3.2253609970211983,2016.846908023581,142.41430859583556
1708116135,50,POST,compose_post,9.000000,0.000000,790,870,890,990,1200,1300,1600,1800,1800,1800,1800,224,0,770.0,761.6230474647766,36.598130012862384,2016.846908023581,25.0
1708116135,50,GET,index,0.000000,0.000000,0,0,0,0,0,0,0,0,0,0,0,50,0,50,51.11145473551005,28.659258037805557,68.37367301341146,2583.0
1708116135,50,GET,read_home_timeline,50.300000,0.000000,760,880,900,980,1100,1200,1500,1600,1800,1800,1800,1266,0,700.0,672.3813593911196,16.24309702310711,1983.3925060229376,194.53317535545023
1708116135,50,GET,read_user_timeline,24.700000,0.000000,11,13,15,16,21,25,31,92,95,95,95,624,0,13,18.21346290149123,3.2253609970211983,172.57592198438942,5.206730769230769
1708116135,50,,Aggregated,84.000000,0.000000,600,780,870,900,1000,1200,1400,1600,1800,1800,1800,2164,0,550.0,478.6317639595996,3.2253609970211983,2016.846908023581,177.57763401109057
1708116138,50,POST,compose_post,10.500000,0.000000,780,800,810,880,1000,1200,1400,1600,1800,1800,1800,259,0,770.0,746.7275759538736,36.598130012862384,2016.846908023581,25.0
1708116138,50,GET,index,0.000000,0.000000,0,0,0,0,0,0,0,0,0,0,0,50,0,50,51.11145473551005,28.659258037805557,68.37367301341146,2583.0
1708116138,50,GET,read_home_timeline,54.400000,0.000000,690,790,800,870,990,1100,1500,1600,1800,1800,1800,1474,0,690.0,664.8064216782416,16.24309702310711,1983.3925060229376,275.972184531886
1708116138,50,GET,read_user_timeline,24.600000,0.000000,10,12,14,15,17,22,26,29,31,31,31,729,0,12,16.96666455696706,3.2253609970211983,172.57592198438942,7.012345679012346
1708116138,50,,Aggregated,89.500000,0.000000,600,700,790,800,910,1100,1300,1600,1800,1800,1800,2512,0,510.0,473.03000753367274,3.2253609970211983,2016.846908023581,217.96178343949043
1708116141,50,POST,compose_post,11.500000,0.000000,600,710,790,800,880,990,1200,1300,1300,1300,1300,296,0,700.0,722.3264232916581,36.598130012862384,2016.846908023581,25.0
1708116141,50,GET,index,0.000000,0.000000,0,0,0,0,0,0,0,0,0,0,0,50,0,50,51.11145473551005,28.659258037805557,68.37367301341146,2583.0
1708116141,50,GET,read_home_timeline,63.900000,0.000000,600,690,720,790,880,980,1100,1200,1300,1300,1300,1692,0,680.0,648.2843889243323,16.24309702310711,1983.3925060229376,404.3676122931442
1708116141,50,GET,read_user_timeline,29.800000,0.000000,10,13,15,16,18,21,23,25,26,26,26,856,0,12,16.31061285005221,3.2253609970211983,172.57592198438942,6.417056074766355
1708116141,50,,Aggregated,105.200000,0.000000,500,600,690,700,800,900,1000,1100,1300,1300,1300,2894,0,500.0,458.61204723245385,3.2253609970211983,2016.846908023581,285.49861782999307
1708116144,50,POST,compose_post,11.200000,0.000000,590,690,780,790,860,1100,1200,1300,1300,1300,1300,330,0,700.0,718.2751183500372,36.598130012862384,2016.846908023581,25.0
1708116144,50,GET,index,0.000000,0.000000,0,0,0,0,0,0,0,0,0,0,0,50,0,50,51.11145473551005,28.659258037805557,68.37367301341146,2583.0
1708116144,50,GET,read_home_timeline,64.300000,0.000000,580,680,700,780,800,910,1100,1200,1300,1300,1300,1900,0,670.0,648.0403454981033,16.24309702310711,1983.3925060229376,480.03
1708116144,50,GET,read_user_timeline,33.000000,0.000000,11,14,16,17,20,23,26,26,33,33,33,984,0,12,15.820514359743319,3.134359954856336,172.57592198438942,5.972560975609756
1708116144,50,,Aggregated,108.500000,0.000000,480,580,660,700,790,820,1100,1200,1300,1300,1300,3264,0,500.0,455.4014719266763,3.134359954856336,2016.846908023581,323.32536764705884
1708116147,50,POST,compose_post,12.000000,0.000000,580,650,700,710,810,900,1100,1200,1300,1300,1300,360,0,690.0,704.63186446739,36.598130012862384,2016.846908023581,25.0
1708116147,50,GET,index,0.000000,0.000000,0,0,0,0,0,0,0,0,0,0,0,50,0,50,51.11145473551005,28.659258037805557,68.37367301341146,2583.0
1708116147,50,GET,read_home_timeline,70.500000,0.000000,570,630,690,710,810,1000,1200,1200,1300,1300,1300,2123,0,610.0,639.7965280205324,16.24309702310711,1983.3925060229376,529.8921337729628
1708116147,50,GET,read_user_timeline,40.800000,0.000000,12,15,17,18,21,23,25,29,33,33,33,1094,0,12,15.542574910024756,3.134359954856336,172.57592198438942,5.673674588665448
1708116147,50,,Aggregated,123.300000,0.000000,480,570,600,680,780,890,1100,1200,1300,1300,1300,3627,0,490.0,449.8248276493502,3.134359954856336,2016.846908023581,349.9636062861869
1708116150,50,POST,compose_post,11.400000,0.000000,600,710,810,910,1100,1200,1200,1300,1300,1300,1300,392,0,690.0,713.5811717055229,36.598130012862384,2016.846908023581,25.0
1708116150,50,GET,index,0.000000,0.000000,0,0,0,0,0,0,0,0,0,0,0,50,0,50,51.11145473551005,28.659258037805557,68.37367301341146,2583.0
1708116150,50,GET,read_home_timeline,73.200000,0.000000,590,690,770,800,1100,1200,1200,1200,1300,1300,1300,2285,0,640.0,649.1387317967408,16.24309702310711,1983.3925060229376,588.5619256017505
1708116150,50,GET,read_user_timeline,41.700000,0.000000,12,14,16,17,20,22,26,29,33,33,33,1189,0,12,15.135721211780655,3.134359954856336,172.57592198438942,5.460050462573591
1708116150,50,,Aggregated,126.300000,0.000000,490,590,690,700,910,1100,1200,1200,1300,1300,1300,3916,0,490.0,455.453975158759,3.134359954856336,2016.846908023581,380.5684371807967
1708116153,50,POST,compose_post,10.000000,0.000000,660,710,870,980,1100,1200,1200,1600,1600,1600,1600,410,0,700.0,717.8296871102847,36.598130012862384,2016.846908023581,25.0
1708116153,50,GET,index,0.000000,0.000000,0,0,0,0,0,0,0,0,0,0,0,50,0,50,51.11145473551005,28.659258037805557,68.37367301341146,2583.0
1708116153,50,GET,read_home_timeline,61.800000,0.000000,680,780,820,900,1100,1200,1300,1400,1600,1600,1600,2443,0,680.0,661.9879461870545,16.24309702310711,1983.3925060229376,664.0045026606631
1708116153,50,GET,read_user_timeline,35.700000,0.000000,11,13,15,16,18,21,26,31,33,33,33,1252,0,12,14.810162165333121,3.134359954856336,172.57592198438942,5.336261980830671
1708116153,50,,Aggregated,107.500000,0.000000,510,680,710,800,990,1100,1200,1300,1600,1600,1600,4155,0,500.0,465.1370926637698,3.134359954856336,2016.846908023581,425.57015643802646
1708116156,50,POST,compose_post,9.000000,0.000000,690,790,890,980,1100,1200,1200,1600,1600,1600,1600,447,0,690.0,704.5211167071094,36.598130012862384,2016.846908023581,25.0
1708116156,50,GET,index,0.000000,0.000000,0,0,0,0,0,0,0,0,0,0,0,50,0,50,51.11145473551005,28.659258037805557,68.37367301341146,2583.0
1708116156,50,GET,read_home_timeline,60.100000,0.000000,690,800,890,900,1100,1200,1300,1400,1600,1600,1600,2662,0,670.0,655.0331914041382,16.24309702310711,1983.3925060229376,734.8302028549963
1708116156,50,GET,read_user_timeline,29.400000,0.000000,10,12,13,14,17,18,22,23,29,29,29,1342,0,12,14.514759716688172,3.134359954856336,172.57592198438942,5.179582712369598
1708116156,50,,Aggregated,98.500000,0.000000,520,700,790,820,990,1100,1200,1300,1600,1600,1600,4501,0,500.0,462.26475782325366,3.134359954856336,2016.846908023581,467.31704065763165
1708116159,50,POST,compose_post,10.000000,0.000000,500,590,690,700,790,980,990,1200,1600,1600,1600,492,0,610.0,681.3685057925654,36.598130012862384,2016.846908023581,25.0
1708116159,50,GET,index,0.000000,0.000000,0,0,0,0,0,0,0,0,0,0,0,50,0,50,51.11145473551005,28.659258037805557,68.37367301341146,2583.0
1708116159,50,GET,read_home_timeline,60.600000,0.000000,570,680,700,780,900,1000,1200,1300,1600,1600,1600,2930,0,600.0,638.6197005608358,16.24309702310711,1983.3925060229376,862.1450511945393
1708116159,50,GET,read_user_timeline,29.000000,0.000000,10,13,14,15,18,21,23,24,30,30,30,1486,0,12,14.289346186793253,3.104844014160335,172.57592198438942,5.730820995962315
1708116159,50,,Aggregated,99.600000,0.000000,480,580,620,690,800,910,1100,1200,1600,1600,1600,4958,0,490.0,449.8141526146715,3.104844014160335,2016.846908023581,539.7440500201694
1708116162,50,POST,compose_post,10.900000,0.000000,510,590,660,690,880,900,990,990,1000,1000,1000,526,0,610.0,680.7909566845334,36.598130012862384,2016.846908023581,25.0
1708116162,50,GET,index,0.000000,0.000000,0,0,0,0,0,0,0,0,0,0,0,50,0,50,51.11145473551005,28.659258037805557,68.37367301341146,2583.0
1708116162,50,GET,read_home_timeline,71.200000,0.000000,510,600,680,700,900,990,1100,1100,1200,1200,1200,3078,0,600.0,643.530780104235,16.24309702310711,1983.3925060229376,928.762833008447
1708116162,50,GET,read_user_timeline,32.600000,0.000000,11,13,15,16,20,22,24,26,30,30,30,1558,0,12,14.150995541551056,3.104844014160335,172.57592198438942,5.604621309370988
1708116162,50,,Aggregated,114.700000,0.000000,470,520,600,620,800,910,1000,1100,1200,1200,1200,5212,0,490.0,453.47018575736985,3.104844014160335,2016.846908023581,577.4681504221029
1708116165,50,POST,compose_post,12.600000,0.000000,570,670,780,890,1000,1300,1300,1300,1300,1300,1300,551,0,670.0,694.5905769875563,36.598130012862384,2016.846908023581,25.0
1708116165,50,GET,index,0.000000,0.000000,0,0,0,0,0,0,0,0,0,0,0,50,0,50,51.11145473551005,28.659258037805557,68.37367301341146,2583.0
1708116165,50,GET,read_home_timeline,69.400000,0.000000,580,690,820,900,1000,1200,1300,1400,1400,1400,1400,3211,0,610.0,656.2664194540267,16.24309702310711,1983.3925060229376,993.6826533790097
1708116165,50,GET,read_user_timeline,33.200000,0.000000,11,14,16,17,21,23,25,26,30,30,30,1630,0,12,14.052308218173705,3.104844014160335,172.57592198438942,6.512269938650307
1708116165,50,,Aggregated,115.200000,0.000000,450,580,670,780,990,1100,1300,1300,1400,1400,1400,5442,0,500.0,462.2292752516395,3.104844014160335,2016.846908023581,614.5268283719221
1708116168,50,POST,compose_post,11.600000,0.000000,670,880,930,1000,1300,1300,1500,1500,1500,1500,1500,574,0,670.0,698.058069615263,36.598130012862384,2016.846908023581,25.0
1708116168,50,GET,index,0.000000,0.000000,0,0,0,0,0,0,0,0,0,0,0,50,0,50,51.11145473551005,28.659258037805557,68.37367301341146,2583.0
1708116168,50,GET,read_home_timeline,62.800000,0.000000,690,900,1000,1100,1200,1300,1400,1500,1500,1500,1500,3404,0,610.0,660.8269532595459,16.24309702310711,1983.3925060229376,1061.2696827262046
1708116168,50,GET,read_user_timeline,31.300000,0.000000,11,13,15,16,19,22,25,29,30,30,30,1720,0,12,13.824938652159776,3.104844014160335,172.57592198438942,7.263953488372093
1708116168,50,,Aggregated,105.700000,0.000000,530,690,890,970,1200,1300,1400,1500,1500,1500,1500,5748,0,490.0,465.63582951864055,3.104844014160335,2016.846908023581,655.6290883785665
1708116171,50,POST,compose_post,9.400000,0.000000,870,990,1200,1200,1300,1500,1500,1900,1900,1900,1900,595,0,680.0,704.2449905214237,36.598130012862384,2016.846908023581,25.0
1708116171,50,GET,index,0.000000,0.000000,0,0,0,0,0,0,0,0,0,0,0,50,0,50,51.11145473551005,28.659258037805557,68.37367301341146,2583.0
1708116171,50,GET,read_home_timeline,51.800000,0.000000,800,910,1000,1100,1200,1300,1500,1500,2000,2000,2000,3571,0,620.0,668.7037231657433,16.24309702310711,2013.5586509713903,1107.4981797815738
1708116171,50,GET,read_user_timeline,26.400000,0.000000,10,12,14,15,20,22,24,25,26,26,26,1772,0,11,13.748415642781668,3.104844014160335,172.57592198438942,7.13882618510158
1708116171,50,,Aggregated,87.600000,0.000000,660,820,910,1000,1200,1300,1500,1500,2000,2000,2000,5988,0,500.0,473.26060955926874,3.104844014160335,2016.846908023581,686.6317635270541
1708116174,50,POST,compose_post,7.400000,0.000000,800,890,900,990,1200,1500,1500,1900,1900,1900,1900,620,0,680.0,706.5878570113601,36.598130012862384,2016.846908023581,25.0
1708116174,50,GET,index,0.000000,0.000000,0,0,0,0,0,0,0,0,0,0,0,50,0,50,51.11145473551005,28.659258037805557,68.37367301341146,2583.0
1708116174,50,GET,read_home_timeline,50.700000,0.000000,710,870,900,990,1100,1300,1500,1500,2000,2000,2000,3740,0,630.0,670.9656725012894,16.24309702310711,2013.5586509713903,1165.224064171123
1708116174,50,GET,read_user_timeline,22.200000,0.000000,10,12,13,14,18,21,24,26,32,32,32,1853,0,11,13.612202546283848,3.104844014160335,172.57592198438942,6.957906098219104
1708116174,50,,Aggregated,80.300000,0.000000,590,780,880,900,1000,1200,1400,1500,2000,2000,2000,6263,0,500.0,475.0558950274477,3.104844014160335,2016.846908023581,720.9773271595083
1708116177,50,POST,compose_post,8.100000,0.000000,770,870,890,900,1000,1300,1500,1900,1900,1900,1900,651,0,680.0,701.9185510813795,36.598130012862384,2016.846908023581,25.0
1708116177,50,GET,index,0.000000,0.000000,0,0,0,0,0,0,0,0,0,0,0,50,0,50,51.11145473551005,28.659258037805557,68.37367301341146,2583.0
1708116177,50,GET,read_home_timeline,58.800000,0.000000,690,800,890,900,1000,1200,1500,1500,2000,2000,2000,3959,0,610.0,666.2612471673765,16.24309702310711,2013.5586509713903,1268.9808032331398
1708116177,50,GET,read_user_timeline,25.600000,0.000000,10,12,15,16,20,23,28,32,39,39,39,1953,0,11,13.563152925942056,3.104844014160335,172.57592198438942,8.393753200204813
1708116177,50,,Aggregated,92.500000,0.000000,600,710,800,880,990,1200,1400,1500,2000,2000,2000,6613,0,500.0,472.36075377147466,3.104844014160335,2016.846908023581,784.1695145924693
1708116180,50,POST,compose_post,9.300000,0.000000,680,780,810,890,980,1000,1200,1200,1200,1200,1200,685,0,680.0,700.9006441965101,36.598130012862384,2016.846908023581,25.0
1708116180,50,GET,index,0.000000,0.000000,0,0,0,0,0,0,0,0,0,0,0,50,0,50,51.11145473551005,28.659258037805557,68.37367301341146,2583.0
1708116180,50,GET,read_home_timeline,62.700000,0.000000,610,730,790,830,990,1000,1100,1200,1400,1400,1400,4130,0,610.0,666.7611013860588,16.24309702310711,2013.5586509713903,1343.6578692493947
1708116180,50,GET,read_user_timeline,27.700000,0.000000,11,13,15,17,20,22,28,32,39,39,39,2049,0,11,13.470894549693776,3.104844014160335,172.57592198438942,8.141044411908249
1708116180,50,,Aggregated,99.700000,0.000000,580,620,710,790,900,1000,1100,1200,1400,1400,1400,6914,0,500.0,472.08529442697863,3.104844014160335,2016.846908023581,826.1878796644489
1708116183,50,POST,compose_post,10.600000,0.000000,650,700,780,800,900,1100,1200,1700,1700,1700,1700,713,0,680.0,702.4153643898368,36.598130012862384,2016.846908023581,25.0
1708116183,50,GET,index,0.000000,0.000000,0,0,0,0,0,0,0,0,0,0,0,50,0,50,51.11145473551005,28.659258037805557,68.37367301341146,2583.0
1708116183,50,GET,read_home_timeline,63.200000,0.000000,610,700,790,800,1000,1100,1200,1300,1600,1600,1600,4290,0,620.0,671.9661956087205,16.24309702310711,2013.5586509713903,1401.090442890443
1708116183,50,GET,read_user_timeline,30.100000,0.000000,11,13,15,17,20,22,27,30,39,39,39,2129,0,11,13.357285842471816,3.104844014160335,172.57592198438942,7.947862846406764
1708116183,50,,Aggregated,103.900000,0.000000,570,620,700,770,900,1000,1100,1300,1700,1700,1700,7182,0,500.0,475.43168591851327,3.104844014160335,2016.846908023581,859.729044834308
1708116186,50,POST,compose_post,9.900000,0.000000,700,800,900,1100,1200,1600,1800,1900,1900,1900,1900,725,0,680.0,712.8205665692302,36.598130012862384,2016.846908023581,25.0
1708116186,50,GET,index,0.000000,0.000000,0,0,0,0,0,0,0,0,0,0,0,50,0,50,51.11145473551005,28.659258037805557,68.37367301341146,2583.0
1708116186,50,GET,read_home_timeline,58.800000,0.000000,710,820,990,1000,1300,1600,1800,1800,2300,2300,2300,4369,0,660.0,681.7524494298929,16.24309702310711,2302.4445340270177,1431.761730373083
1708116186,50,GET,read_user_timeline,29.000000,0.000000,10,13,15,16,19,22,27,30,39,39,39,2172,0,11,13.282323593374953,3.104844014160335,172.57592198438942,7.849907918968692
1708116186,50,,Aggregated,97.700000,0.000000,600,710,800,890,1100,1400,1700,1800,2300,2300,2300,7316,0,500.0,482.0634420316402,3.104844014160335,2302.4445340270177,877.486604702023
1708116189,50,POST,compose_post,8.700000,0.000000,700,890,990,1200,1600,1700,1900,2000,2000,2000,2000,766,0,680.0,719.7289484700154,36.598130012862384,2016.846908023581,25.0
1708116189,50,GET,index,0.000000,0.000000,0,0,0,0,0,0,0,0,0,0,0,50,0,50,51.11145473551005,28.659258037805557,68.37367301341146,2583.0
1708116189,50,GET,read_home_timeline,49.000000,0.000000,710,890,1100,1200,1600,1700,1800,2000,2300,2300,2300,4559,0,670.0,689.0621227636647,16.24309702310711,2302.4445340270177,1508.0048256196535
1708116189,50,GET,read_user_timeline,26.500000,0.000000,9,11,14,16,18,23,89,93,100,100,100,2278,0,11,13.376570503571651,3.104844014160335,172.57592198438942,7.624231782265145
1708116189,50,,Aggregated,84.200000,0.000000,660,710,880,1000,1400,1700,1800,1900,2300,2300,2300,7653,0,500.0,486.838363066966,3.104844014160335,2302.4445340270177,919.9871945642232
1708116192,50,POST,compose_post,8.400000,0.000000,780,880,900,1200,1600,1700,1900,2000,2000,2000,2000,800,0,690.0,721.5258481763885,36.598130012862384,2016.846908023581,25.0
1708116192,50,GET,index,0.000000,0.000000,0,0,0,0,0,0,0,0,0,0,0,50,0,50,51.11145473551005,28.659258037805557,68.37367301341146,2583.0
1708116192,50,GET,read_home_timeline,45.700000,0.000000,770,830,910,1200,1600,1700,1800,2000,2300,2300,2300,4719,0,680.0,691.8849579189978,16.24309702310711,2302.4445340270177,1550.2398813307905
1708116192,50,GET,read_user_timeline,24.500000,0.000000,10,13,15,16,18,22,90,93,100,100,100,2345,0,11,13.362543980902764,3.104844014160335,172.57592198438942,7.492110874200426
1708116192,50,,Aggregated,78.600000,0.000000,680,780,820,900,1400,1700,1800,1900,2300,2300,2300,7914,0,510.0,489.7796984246719,3.104844014160335,2302.4445340270177,945.4512256760172
1708116195,50,POST,compose_post,9.900000,0.000000,700,790,870,890,1000,1600,1700,1700,2000,2000,2000,837,0,690.0,718.2319852005548,36.598130012862384,2016.846908023581,25.0
1708116195,50,GET,index,0.000000,0.000000,0,0,0,0,0,0,0,0,0,0,0,50,0,50,51.11145473551005,28.659258037805557,68.37367301341146,2583.0
1708116195,50,GET,read_home_timeline,48.300000,0.000000,700,800,810,890,1100,1600,1700,1700,2100,2100,2100,4905,0,680.0,690.5590566863457,16.24309702310711,2302.4445340270177,1621.2369011213048
1708116195,50,GET,read_user_timeline,24.000000,0.000000,11,15,16,17,22,90,100,110,180,180,180,2441,0,11,13.705859546210435,3.104844014160335,184.37464500311762,8.208521097910692
1708116195,50,,Aggregated,82.200000,0.000000,600,700,790,810,910,1300,1700,1700,2100,2100,2100,8233,0,510.0,488.8089299828088,3.104844014160335,2302.4445340270177,986.5515607919349
1708116198,50,POST,compose_post,11.500000,0.000000,700,790,870,890,970,1000,1200,1200,1300,1300,1300,862,0,690.0,718.9245084913777,36.598130012862384,2016.846908023581,25.0
1708116198,50,GET,index,0.000000,0.000000,0,0,0,0,0,0,0,0,0,0,0,50,0,50,51.11145473551005,28.659258037805557,68.37367301341146,2583.0
1708116198,50,GET,read_home_timeline,58.300000,0.000000,710,800,820,880,910,1000,1100,1200,1500,1500,1500,5067,0,680.0,693.4538981245679,16.24309702310711,2302.4445340270177,1689.4679297414643
1708116198,50,GET,read_user_timeline,29.000000,0.000000,11,14,16,16,21,87,100,110,180,180,180,2516,0,11,13.64082281750002,3.030925989151001,184.37464500311762,8.279014308426072
1708116198,50,,Aggregated,98.800000,0.000000,620,720,800,810,900,990,1100,1200,1500,1500,1500,8495,0,510.0,490.9146216671405,3.030925989151001,2302.4445340270177,1027.9062978222485
1708116201,50,POST,compose_post,11.000000,0.000000,690,710,790,870,970,1100,1200,1200,1300,1300,1300,892,0,680.0,715.4897467336083,36.598130012862384,2016.846908023581,25.0
1708116201,50,GET,index,0.000000,0.000000,0,0,0,0,0,0,0,0,0,0,0,50,0,50,51.11145473551005,28.659258037805557,68.37367301341146,2583.0
1708116201,50,GET,read_home_timeline,58.800000,0.000000,690,720,790,810,900,1000,1100,1100,1400,1400,1400,5274,0,680.0,691.5590659200968,16.24309702310711,2302.4445340270177,1770.667045885476
1708116201,50,GET,read_user_timeline,27.900000,0.000000,11,14,16,16,21,25,97,110,180,180,180,2624,0,11,13.56744347078081,3.030925989151001,184.37464500311762,9.24047256097561
1708116201,50,,Aggregated,97.700000,0.000000,590,690,710,790,890,980,1100,1100,1400,1400,1400,8840,0,510.0,489.10134752862825,3.030925989151001,2302.4445340270177,1076.2664027149322
1708116204,50,POST,compose_post,10.700000,0.000000,680,710,790,870,970,1100,1300,1300,1300,1300,1300,920,0,680.0,715.0822746462401,36.598130012862384,2016.846908023581,25.0
1708116204,50,GET,index,0.000000,0.000000,0,0,0,0,0,0,0,0,0,0,0,50,0,50,51.11145473551005,28.659258037805557,68.37367301341146,2583.0
1708116204,50,GET,read_home_timeline,62.300000,0.000000,690,790,800,820,910,1000,1100,1200,1400,1400,1400,5466,0,680.0,692.2983057296706,16.24309702310711,2302.4445340270177,1846.9703622392974
1708116204,50,GET,read_user_timeline,31.400000,0.000000,11,13,16,17,21,27,80,85,89,89,89,2720,0,11,13.735600886481253,3.030925989151001,184.37464500311762,10.520220588235293
1708116204,50,,Aggregated,104.400000,0.000000,590,690,780,800,900,990,1100,1200,1400,1400,1400,9156,0,510.0,489.5035647598214,3.030925989151001,2302.4445340270177,1122.3574705111403
1708116207,50,POST,compose_post,9.300000,0.000000,670,710,800,880,1200,1200,1300,1400,1400,1400,1400,944,0,680.0,716.5239976455854,36.598130012862384,2016.846908023581,25.0
1708116207,50,GET,index,0.000000,0.000000,0,0,0,0,0,0,0,0,0,0,0,50,0,50,51.11145473551005,28.659258037805557,68.37367301341146,2583.0
1708116207,50,GET,read_home_timeline,62.800000,0.000000,700,790,810,880,1000,1200,1300,1300,1600,1600,1600,5584,0,680.0,694.8667502377308,16.24309702310711,2302.4445340270177,1893.5068051575931
1708116207,50,GET,read_user_timeline,32.900000,0.000000,11,14,16,18,23,68,85,87,89,89,89,2777,0,11,13.775808607271028,3.030925989151001,184.37464500311762,10.365862441483616
1708116207,50,,Aggregated,105.000000,0.000000,580,700,790,800,910,1100,1200,1300,1600,1600,1600,9355,0,510.0,491.43191665890845,3.030925989151001,2302.4445340270177,1149.6395510422235
1708116210,50,POST,compose_post,8.600000,0.000000,770,880,990,1100,1200,1300,1400,1700,1700,1700,1700,965,0,690.0,722.0694867591253,36.598130012862384,2016.846908023581,25.0
1708116210,50,GET,index,0.000000,0.000000,0,0,0,0,0,0,0,0,0,0,0,50,0,50,51.11145473551005,28.659258037805557,68.37367301341146,2583.0
1708116210,50,GET,read_home_timeline,59.100000,0.000000,800,900,1000,1100,1300,1500,1700,1800,2000,2000,2000,5704,0,690.0,703.7643841807819,16.24309702310711,2302.4445340270177,1924.7794530154279
1708116210,50,GET,read_user_timeline,30.100000,0.000000,10,13,15,17,21,63,83,87,89,89,89,2846,0,11,13.696024291999755,3.030925989151001,184.37464500311762,12.238580463808855
1708116210,50,,Aggregated,97.800000,0.000000,600,800,890,930,1100,1300,1600,1700,2000,2000,2000,9565,0,510.0,496.8743920503442,3.030925989151001,2302.4445340270177,1167.4906429691584
1708116213,50,POST,compose_post,8.000000,0.000000,870,1100,1100,1200,1200,1200,1400,1700,1700,1700,1700,985,0,690.0,725.8893068260537,36.598130012862384,2016.846908023581,25.0
1708116213,50,GET,index,0.000000,0.000000,0,0,0,0,0,0,0,0,0,0,0,50,0,50,51.11145473551005,28.659258037805557,68.37367301341146,2583.0
1708116213,50,GET,read_home_timeline,49.900000,0.000000,980,1100,1200,1200,1400,1600,1800,1800,2000,2000,2000,5849,0,690.0,712.6186196889531,16.24309702310711,2302.4445340270177,1985.5298341596854
1708116213,50,GET,read_user_timeline,27.300000,0.000000,10,13,15,15,21,35,83,87,87,87,87,2917,0,11,13.741061604975439,3.030925989151001,184.37464500311762,13.170380527939663
1708116213,50,,Aggregated,85.200000,0.000000,720,980,1100,1100,1300,1500,1700,1800,2000,2000,2000,9801,0,510.0,502.5758109603957,3.030925989151001,2302.4445340270177,1204.5257626772777
1708116216,50,POST,compose_post,7.900000,0.000000,980,1100,1200,1200,1200,1200,1300,1700,1700,1700,1700,1013,0,690.0,729.7598979515617,36.598130012862384,2016.846908023581,25.0
1708116216,50,GET,index,0.000000,0.000000,0,0,0,0,0,0,0,0,0,0,0,50,0,50,51.11145473551005,28.659258037805557,68.37367301341146,2583.0
1708116216,50,GET,read_home_timeline,45.600000,0.000000,1000,1100,1200,1200,1500,1700,1800,1800,2000,2000,2000,5996,0,690.0,716.6280973580118,16.24309702310711,2302.4445340270177,2038.4809873248832
1708116216,50,GET,read_user_timeline,22.700000,0.000000,10,13,15,16,22,76,82,83,87,87,87,2991,0,11,13.877745750030133,3.030925989151001,184.37464500311762,13.18555667001003
1708116216,50,,Aggregated,76.200000,0.000000,790,1000,1100,1200,1300,1600,1700,1800,2000,2000,2000,10050,0,520.0,505.4938068317101,3.030925989151001,2302.4445340270177,1235.487064676617
1708116219,50,POST,compose_post,7.200000,0.000000,860,990,1100,1100,1200,1200,1300,1400,1400,1400,1400,1042,0,690.0,730.5594172624553,36.598130012862384,2016.846908023581,25.0
1708116219,50,GET,index,0.000000,0.000000,0,0,0,0,0,0,0,0,0,0,0,50,0,50,51.11145473551005,28.659258037805557,68.37367301341146,2583.0
1708116219,50,GET,read_home_timeline,43.300000,0.000000,830,980,1100,1100,1200,1400,1800,1800,1900,1900,1900,6163,0,690.0,717.8803907101588,16.24309702310711,2302.4445340270177,2097.3668667856564
1708116219,50,GET,read_user_timeline,23.400000,0.000000,11,13,15,17,27,79,87,99,110,110,110,3079,0,11,13.902876693348558,2.8874060371890664,184.37464500311762,13.470607340045468
1708116219,50,,Aggregated,73.900000,0.000000,700,860,980,1100,1200,1300,1700,1800,1900,1900,1900,10334,0,560.0,506.1836937110299,2.8874060371890664,2302.4445340270177,1269.8614282949486
1708116222,50,POST,compose_post,8.400000,0.000000,700,870,910,990,1100,1200,1300,1400,1400,1400,1400,1065,0,690.0,730.7570906971393,36.598130012862384,2016.846908023581,25.0
1708116222,50,GET,index,0.000000,0.000000,0,0,0,0,0,0,0,0,0,0,0,50,0,50,51.11145473551005,28.659258037805557,68.37367301341146,2583.0
1708116222,50,GET,read_home_timeline,50.900000,0.000000,770,830,900,970,1100,1200,1500,1600,1800,1800,1800,6320,0,690.0,718.5167664704554,16.24309702310711,2302.4445340270177,2146.7291139240506
1708116222,50,GET,read_user_timeline,24.100000,0.000000,10,13,15,17,28,79,81,99,110,110,110,3148,0,11,13.967450042201971,2.8874060371890664,184.37464500311762,13.241105463786532
1708116222,50,,Aggregated,83.400000,0.000000,620,770,820,890,1100,1100,1300,1600,1800,1800,1800,10583,0,560.0,507.0213900742095,2.8874060371890664,2302.4445340270177,1300.6506661627138
1708116225,50,POST,compose_post,8.900000,0.000000,760,860,890,890,990,1000,1100,1400,1400,1400,1400,1091,0,690.0,732.5733498805463,36.598130012862384,2016.846908023581,25.0
1708116225,50,GET,index,0.000000,0.000000,0,0,0,0,0,0,0,0,0,0,0,50,0,50,51.11145473551005,28.659258037805557,68.37367301341146,2583.0
1708116225,50,GET,read_home_timeline,54.500000,0.000000,790,820,890,900,1000,1100,1300,1300,1400,1400,1400,6488,0,690.0,721.2906656614186,16.24309702310711,2302.4445340270177,2194.9082922318125
1708116225,50,GET,read_user_timeline,28.100000,0.000000,10,13,16,18,25,77,82,99,110,110,110,3237,0,11,13.90967581675474,2.8874060371890664,184.37464500311762,12.959530429409947
1708116225,50,,Aggregated,91.500000,0.000000,680,790,810,870,970,1000,1100,1300,1400,1400,1400,10866,0,570.0,508.6096592017827,2.8874060371890664,2302.4445340270177,1328.8183324130314
1708116228,50,POST,compose_post,8.400000,0.000000,790,890,970,990,1100,1100,1100,1200,1200,1200,1200,1112,0,700.0,736.0314389655372,36.598130012862384,2016.846908023581,25.0
1708116228,50,GET,index,0.000000,0.000000,0,0,0,0,0,0,0,0,0,0,0,50,0,50,51.11145473551005,28.659258037805557,68.37367301341146,2583.0
1708116228,50,GET,read_home_timeline,54.600000,0.000000,800,880,960,990,1100,1200,1300,1300,1400,1400,1400,6638,0,700.0,724.5499394721554,16.24309702310711,2302.4445340270177,2250.849502862308
1708116228,50,GET,read_user_timeline,26.400000,0.000000,11,14,18,21,34,86,110,170,190,190,190,3300,0,11,14.323696115223521,2.8874060371890664,189.21353993937373,12.76939393939394
1708116228,50,,Aggregated,89.400000,0.000000,700,800,880,900,1000,1100,1200,1300,1400,1400,1400,11100,0,570.0,511.5183088525098,2.8874060371890664,2302.4445340270177,1363.9845045045045
1708116231,50,POST,compose_post,7.700000,0.000000,800,970,1000,1100,1200,1300,1700,1800,1800,1800,1800,1132,0,700.0,739.1212115868681,36.598130012862384,2016.846908023581,25.0
1708116231,50,GET,index,0.000000,0.000000,0,0,0,0,0,0,0,0,0,0,0,50,0,50,51.11145473551005,28.659258037805557,68.37367301341146,2583.0
1708116231,50,GET,read_home_timeline,52.100000,0.000000,800,910,1000,1100,1200,1400,1700,1800,1900,1900,1900,6763,0,700.0,729.3727517194401,16.24309702310711,2302.4445340270177,2272.415643944995
1708116231,50,GET,read_user_timeline,24.100000,0.000000,12,16,20,22,27,85,110,170,190,190,190,3368,0,11,14.346440709273457,2.8874060371890664,189.21353993937373,12.572149643705464
1708116231,50,,Aggregated,83.900000,0.000000,700,810,900,1000,1200,1300,1700,1700,1900,1900,1900,11313,0,580.0,514.479582466235,2.8874060371890664,2302.4445340270177,1376.1283479183242
1708116234,50,POST,compose_post,7.300000,0.000000,790,970,1100,1100,1300,1500,1700,1800,1800,1800,1800,1163,0,700.0,739.6333366758587,36.598130012862384,2016.846908023581,25.0
1708116234,50,GET,index,0.000000,0.000000,0,0,0,0,0,0,0,0,0,0,0,50,0,50,51.11145473551005,28.659258037805557,68.37367301341146,2583.0
1708116234,50,GET,read_home_timeline,47.200000,0.000000,800,890,1000,1100,1300,1500,1700,1800,1900,1900,1900,6941,0,700.0,729.853541559245,16.24309702310711,2302.4445340270177,2336.3402967872066
1708116234,50,GET,read_user_timeline,23.300000,0.000000,11,15,19,21,27,85,110,170,190,190,190,3455,0,11,14.228392575763694,2.8874060371890664,189.21353993937373,12.780607814761215
1708116234,50,,Aggregated,77.800000,0.000000,680,800,890,990,1200,1300,1700,1700,1900,1900,1900,11609,0,570.0,514.9299398400191,2.8874060371890664,2302.4445340270177,1414.3268154018433
1708116237,50,POST,compose_post,8.500000,0.000000,680,800,990,1000,1200,1300,1700,1800,1800,1800,1800,1197,0,690.0,738.7050012710683,36.598130012862384,2016.846908023581,25.0
1708116237,50,GET,index,0.000000,0.000000,0,0,0,0,0,0,0,0,0,0,0,50,0,50,51.11145473551005,28.659258037805557,68.37367301341146,2583.0
1708116237,50,GET,read_home_timeline,52.000000,0.000000,700,890,990,1000,1300,1400,1700,1700,1900,1900,1900,7112,0,700.0,729.1571997663173,16.24309702310711,2302.4445340270177,2403.4814398200224
1708116237,50,GET,read_user_timeline,25.000000,0.000000,10,13,16,17,22,27,83,90,170,170,170,3557,0,11,14.1547693002216,2.8874060371890664,189.21353993937373,13.321619342142254
1708116237,50,,Aggregated,85.500000,0.000000,570,700,810,910,1200,1300,1700,1700,1900,1900,1900,11916,0,570.0,513.8385346086926,2.8874060371890664,2302.4445340270177,1451.8311513930848
1708116240,50,POST,compose_post,9.100000,0.000000,680,800,900,990,1100,1300,1700,1700,1800,1800,1800,1230,0,690.0,736.7017014688487,36.598130012862384,2016.846908023581,25.0
1708116240,50,GET,index,0.000000,0.000000,0,0,0,0,0,0,0,0,0,0,0,50,0,50,51.11145473551005,28.659258037805557,68.37367301341146,2583.0
1708116240,50,GET,read_home_timeline,54.400000,0.000000,700,820,900,970,1200,1400,1700,1700,1900,1900,1900,7312,0,700.0,728.600811152277,16.24309702310711,2302.4445340270177,2450.939824945295
1708116240,50,GET,read_user_timeline,30.100000,0.000000,10,12,15,16,21,24,43,83,88,88,88,3664,0,11,14.145316633653337,2.8874060371890664,189.21353993937373,13.162390829694322
1708116240,50,,Aggregated,93.600000,0.000000,570,700,810,890,1000,1300,1700,1700,1900,1900,1900,12256,0,570.0,513.0594188017799,2.8874060371890664,2302.4445340270177,1479.2264197127938
1708116243,50,POST,compose_post,10.700000,0.000000,660,810,890,990,1100,1200,1500,1500,1500,1500,1500,1247,0,700.0,740.6160074345725,36.598130012862384,2016.846908023581,25.0
1708116243,50,GET,index,0.000000,0.000000,0,0,0,0,0,0,0,0,0,0,0,50,0,50,51.11145473551005,28.659258037805557,68.37367301341146,2583.0
1708116243,50,GET,read_home_timeline,60.300000,0.000000,700,810,890,920,1100,1300,1300,1400,1500,1500,1500,7429,0,700.0,731.8174702331671,16.24309702310711,2302.4445340270177,2490.7179970386323
1708116243,50,GET,read_user_timeline,33.000000,0.000000,10,11,14,16,19,22,75,85,88,88,88,3721,0,11,14.070316111060494,2.8874060371890664,189.21353993937373,13.603332437516796
1708116243,50,,Aggregated,104.000000,0.000000,580,700,800,880,1000,1200,1300,1400,1500,1500,1500,12447,0,580.0,515.3957874683973,2.8874060371890664,2302.4445340270177,1503.5339439222303
1708116246,50,POST,compose_post,9.500000,0.000000,790,880,980,1000,1200,1200,1500,1500,1500,1500,1500,1276,0,700.0,742.4706426764062,36.598130012862384,2016.846908023581,25.0
1708116246,50,GET,index,0.000000,0.000000,0,0,0,0,0,0,0,0,0,0,0,50,0,50,51.11145473551005,28.659258037805557,68.37367301341146,2583.0
1708116246,50,GET,read_home_timeline,56.000000,0.000000,800,880,910,980,1200,1300,1300,1400,1500,1500,1500,7586,0,700.0,732.6148327353563,16.24309702310711,2302.4445340270177,2543.1260216187716
1708116246,50,GET,read_user_timeline,29.500000,0.000000,10,14,17,19,25,85,91,92,98,98,98,3781,0,11,14.33775624793212,2.8874060371890664,189.21353993937373,13.994445913779423
1708116246,50,,Aggregated,95.000000,0.000000,620,800,880,900,1100,1300,1300,1400,1500,1500,1500,12693,0,580.0,516.9601583782962,2.8874060371890664,2302.4445340270177,1536.7617584495392
1708116249,50,POST,compose_post,9.400000,0.000000,790,900,990,1100,1200,1300,1500,1500,1500,1500,1500,1314,0,700.0,743.5273363747913,36.598130012862384,2016.846908023581,25.0
1708116249,50,GET,index,0.000000,0.000000,0,0,0,0,0,0,0,0,0,0,0,50,0,50,51.11145473551005,28.659258037805557,68.37367301341146,2583.0
1708116249,50,GET,read_home_timeline,55.400000,0.000000,790,890,970,1000,1200,1300,1400,1500,1500,1500,1500,7759,0,700.0,734.4952711709561,16.24309702310711,2302.4445340270177,2617.966361644542
1708116249,50,GET,read_user_timeline,26.800000,0.000000,10,14,17,20,81,88,92,93,98,98,98,3871,0,11,14.441305416901058,2.8874060371890664,189.21353993937373,14.80857659519504
1708116249,50,,Aggregated,91.600000,0.000000,620,800,890,920,1200,1300,1300,1500,1500,1500,1500,12994,0,580.0,518.270093506043,2.8874060371890664,2302.4445340270177,1580.1235185470216
1708116252,50,POST,compose_post,9.600000,0.000000,780,880,960,980,1200,1200,1500,1500,1500,1500,1500,1335,0,700.0,743.9543247731291,36.598130012862384,2016.846908023581,25.0
1708116252,50,GET,index,0.000000,0.000000,0,0,0,0,0,0,0,0,0,0,0,50,0,50,51.11145473551005,28.659258037805557,68.37367301341146,2583.0
1708116252,50,GET,read_home_timeline,53.500000,0.000000,800,890,920,990,1200,1300,1300,1500,1500,1500,1500,7888,0,700.0,735.1356115373026,16.24309702310711,2302.4445340270177,2670.9846602434077
1708116252,50,GET,read_user_timeline,24.400000,0.000000,11,15,19,22,84,91,98,100,180,180,180,3920,0,11,14.532526119966155,2.8874060371890664,189.21353993937373,14.660969387755102
1708116252,50,,Aggregated,87.500000,0.000000,690,810,890,910,1000,1200,1300,1500,1500,1500,1500,13193,0,580.0,519.324778481423,2.8874060371890664,2302.4445340270177,1613.637762449784
1708116255,50,POST,compose_post,10.100000,0.000000,800,880,960,980,1100,1200,1300,1500,1500,1500,1500,1368,0,700.0,747.7203289230528,36.598130012862384,2016.846908023581,25.0
1708116255,50,GET,index,0.000000,0.000000,0,0,0,0,0,0,0,0,0,0,0,50,0,50,51.11145473551005,28.659258037805557,68.37367301341146,2583.0
1708116255,50,GET,read_home_timeline,52.100000,0.000000,830,920,1000,1000,1200,1300,1500,1700,1800,1800,1800,8046,0,700.0,740.012023901249,16.24309702310711,2302.4445340270177,2738.4173502361423
1708116255,50,GET,read_user_timeline,23.000000,0.000000,11,14,17,20,78,88,93,100,180,180,180,3987,0,11,14.648611935906501,2.8874060371890664,189.21353993937373,14.465011286681715
1708116255,50,,Aggregated,85.200000,0.000000,720,860,910,990,1100,1200,1300,1500,1800,1800,1800,13451,0,580.0,523.2308187347721,2.8874060371890664,2302.4445340270177,1654.473868113895
1708116258,50,POST,compose_post,9.600000,0.000000,800,880,900,970,990,1200,1200,1300,1300,1300,1300,1387,0,700.0,748.6564399210888,36.598130012862384,2016.846908023581,25.0
1708116258,50,GET,index,0.000000,0.000000,0,0,0,0,0,0,0,0,0,0,0,50,0,50,51.11145473551005,28.659258037805557,68.37367301341146,2583.0
1708116258,50,GET,read_home_timeline,47.200000,0.000000,800,890,970,990,1200,1200,1300,1700,1800,1800,1800,8169,0,700.0,740.8827297050166,16.24309702310711,2302.4445340270177,2772.409474843922
1708116258,50,GET,read_user_timeline,21.300000,0.000000,11,14,18,21,79,87,93,100,180,180,180,4052,0,11,14.700495150025983,2.8874060371890664,189.21353993937373,14.281095755182626
1708116258,50,,Aggregated,78.100000,0.000000,710,810,890,910,1100,1200,1300,1400,1800,1800,1800,13658,0,590.0,523.7062146884984,2.8874060371890664,2302.4445340270177,1674.440254795724
1708116261,50,POST,compose_post,9.000000,0.000000,810,890,980,990,1200,1300,1400,1500,1500,1500,1500,1419,0,700.0,751.2595949729299,36.598130012862384,2016.846908023581,25.0
1708116261,50,GET,index,0.000000,0.000000,0,0,0,0,0,0,0,0,0,0,0,50,0,50,51.11145473551005,28.659258037805557,68.37367301341146,2583.0
1708116261,50,GET,read_home_timeline,48.700000,0.000000,890,960,1000,1100,1200,1400,1600,1700,1800,1800,1800,8324,0,700.0,744.5608231966883,16.24309702310711,2302.4445340270177,2840.3328928399806
1708116261,50,GET,read_user_timeline,23.400000,0.000000,10,14,18,20,81,87,93,100,160,160,160,4137,0,11,14.839463811754957,2.8874060371890664,189.21353993937373,14.423253565385545
1708116261,50,,Aggregated,81.100000,0.000000,790,890,920,990,1200,1300,1500,1700,1800,1800,1800,13930,0,590.0,526.0379104150629,2.8874060371890664,2302.4445340270177,1713.3686288585786
1708116264,50,POST,compose_post,8.800000,0.000000,810,890,960,980,1200,1300,1400,1500,1500,1500,1500,1448,0,700.0,752.9941451974896,36.598130012862384,2016.846908023581,25.0
1708116264,50,GET,index,0.000000,0.000000,0,0,0,0,0,0,0,0,0,0,0,50,0,50,51.11145473551005,28.659258037805557,68.37367301341146,2583.0
1708116264,50,GET,read_home_timeline,46.300000,0.000000,870,910,980,1000,1200,1400,1600,1700,1800,1800,1800,8479,0,700.0,745.658347531108,16.24309702310711,2302.4445340270177,2878.071706569171
1708116264,50,GET,read_user_timeline,23.100000,0.000000,10,13,15,18,28,85,94,100,160,160,160,4219,0,11,14.830929401451398,2.8874060371890664,189.21353993937373,14.42853756814411
1708116264,50,,Aggregated,78.200000,0.000000,720,870,900,920,1100,1300,1500,1600,1800,1800,1800,14196,0,590.0,526.7610534547568,2.8874060371890664,2302.4445340270177,1734.9530853761623
1708116267,50,POST,compose_post,8.600000,0.000000,810,890,970,990,1300,1400,1500,1500,1500,1500,1500,1472,0,700.0,756.1428968376434,36.598130012862384,2016.846908023581,25.0
1708116267,50,GET,index,0.000000,0.000000,0,0,0,0,0,0,0,0,0,0,0,50,0,50,51.11145473551005,28.659258037805557,68.37367301341146,2583.0
1708116267,50,GET,read_home_timeline,48.400000,0.000000,830,910,980,1000,1300,1500,1500,1600,1800,1800,1800,8621,0,700.0,748.2051708029661,16.24309702310711,2302.4445340270177,2926.403549472219
1708116267,50,GET,read_user_timeline,24.600000,0.000000,10,14,17,20,83,95,100,100,160,160,160,4279,0,11,15.043339418933156,2.8874060371890664,189.21353993937373,14.524421593830334
1708116267,50,,Aggregated,81.600000,0.000000,700,870,900,920,1300,1400,1500,1600,1800,1800,1800,14422,0,590.0,529.0698338474394,2.8874060371890664,2302.4445340270177,1765.1244626265427
1708116270,50,POST,compose_post,9.000000,0.000000,800,880,970,1100,1300,1400,1500,1500,1500,1500,1500,1489,0,700.0,755.4037581436221,36.598130012862384,2016.846908023581,25.0
1708116270,50,GET,index,0.000000,0.000000,0,0,0,0,0,0,0,0,0,0,0,50,0,50,51.11145473551005,28.659258037805557,68.37367301341146,2583.0
1708116270,50,GET,read_home_timeline,47.900000,0.000000,810,910,1000,1100,1300,1500,1500,1600,1700,1700,1700,8775,0,700.0,748.8395555150506,16.24309702310711,2302.4445340270177,2986.332193732194
1708116270,50,GET,read_user_timeline,24.100000,0.000000,11,16,19,23,94,100,110,110,160,160,160,4366,0,11,15.464078930201904,2.8874060371890664,189.21353993937373,14.294777828676134
1708116270,50,,Aggregated,81.000000,0.000000,690,810,900,930,1100,1400,1500,1500,1700,1700,1700,14680,0,590.0,529.014648287906,2.8874060371890664,2302.4445340270177,1800.6710490463215
1708116273,50,POST,compose_post,8.500000,0.000000,780,870,1100,1200,1400,1500,1500,1500,1500,1500,1500,1519,0,700.0,757.2450706700153,36.598130012862384,2016.846908023581,25.0
1708116273,50,GET,index,0.000000,0.000000,0,0,0,0,0,0,0,0,0,0,0,50,0,50,51.11145473551005,28.659258037805557,68.37367301341146,2583.0
1708116273,50,GET,read_home_timeline,50.600000,0.000000,780,900,1100,1100,1300,1400,1500,1500,1500,1500,1500,8933,0,700.0,750.7358290435616,16.24309702310711,2302.4445340270177,3040.4926676368523
1708116273,50,GET,read_user_timeline,25.800000,0.000000,12,16,21,26,95,100,100,110,120,120,120,4435,0,11,15.425384117803812,2.8874060371890664,189.21353993937373,15.415783540022549
1708116273,50,,Aggregated,84.900000,0.000000,630,790,890,1000,1300,1400,1500,1500,1500,1500,1500,14937,0,590.0,530.7321131748761,2.8874060371890664,2302.4445340270177,1834.1176273682802
1708116276,50,POST,compose_post,8.000000,0.000000,700,860,980,1100,1300,1300,1500,1600,1600,1600,1600,1551,0,700.0,758.6209532121156,36.598130012862384,2016.846908023581,25.0
1708116276,50,GET,index,0.000000,0.000000,0,0,0,0,0,0,0,0,0,0,0,50,0,50,51.11145473551005,28.659258037805557,68.37367301341146,2583.0
1708116276,50,GET,read_home_timeline,51.700000,0.000000,720,910,1100,1100,1200,1300,1500,1600,1700,1700,1700,9071,0,700.0,752.8330770185486,16.24309702310711,2302.4445340270177,3084.9509425642154
1708116276,50,GET,read_user_timeline,23.800000,0.000000,12,16,21,24,94,100,110,110,120,120,120,4495,0,11,15.523475378122932,2.8874060371890664,189.21353993937373,16.32146829810901
1708116276,50,,Aggregated,83.500000,0.000000,600,770,890,1000,1200,1300,1500,1500,1700,1700,1700,15167,0,590.0,532.5973188256534,2.8874060371890664,2302.4445340270177,1860.940199116503
1708116279,50,POST,compose_post,8.400000,0.000000,720,880,1000,1100,1300,1300,1500,1600,1600,1600,1600,1582,0,700.0,758.4207802139665,36.598130012862384,2016.846908023581,25.0
1708116279,50,GET,index,0.000000,0.000000,0,0,0,0,0,0,0,0,0,0,0,50,0,50,51.11145473551005,28.659258037805557,68.37367301341146,2583.0
1708116279,50,GET,read_home_timeline,51.100000,0.000000,720,910,1100,1100,1200,1400,1500,1600,1700,1700,1700,9250,0,700.0,751.9837130111692,16.24309702310711,2302.4445340270177,3133.388108108108
1708116279,50,GET,read_user_timeline,23.700000,0.000000,11,15,19,23,92,96,110,110,180,180,180,4574,0,11,15.75160755696053,2.8874060371890664,189.21353993937373,16.831657192829034
1708116279,50,,Aggregated,83.200000,0.000000,610,780,900,1000,1200,1300,1500,1500,1700,1700,1700,15456,0,590.0,532.4970526238434,2.8874060371890664,2302.4445340270177,1891.1444099378882
1708116282,50,POST,compose_post,9.500000,0.000000,760,870,900,980,1200,1300,1500,1600,1600,1600,1600,1608,0,700.0,757.0128472200745,36.598130012862384,2016.846908023581,25.0
1708116282,50,GET,index,0.000000,0.000000,0,0,0,0,0,0,0,0,0,0,0,50,0,50,51.11145473551005,28.659258037805557,68.37367301341146,2583.0
1708116282,50,GET,read_home_timeline,50.000000,0.000000,710,890,930,1000,1200,1200,1500,1600,1700,1700,1700,9425,0,700.0,751.2848386815959,16.24309702310711,2302.4445340270177,3183.7009018567637
1708116282,50,GET,read_user_timeline,22.800000,0.000000,12,17,21,24,91,98,110,170,180,180,180,4664,0,11,16.018402078995678,2.8874060371890664,189.21353993937373,17.411020583190396
1708116282,50,,Aggregated,82.300000,0.000000,600,720,880,910,1100,1200,1400,1500,1700,1700,1700,15747,0,590.0,531.8728432677419,2.8874060371890664,2302.4445340270177,1921.4412904045214
